Random,Greedy,LimeQO,LimeQO+
45s,151.54156285823274,143.8505288755763,132.08518752095495,128.15888980936717
90s,138.35613634601367,120.40824827328822,112.43901799898114,109.27145209883159
180s,119.16345701773753,96.81831637903878,99.3709527077904,92.30361788944752
360s,89.93160318262412,81.77329953633604,85.31266575035245,81.78946254651984
720s,73.75393586959035,73.21055792139133,71.83074532274945,73.59277493425992